what,kind,bundleId,bundleVersion,description,time
started,bundle,org.eclipse.wst.common.emfworkbench.integration,1.2.101.v201107140600,"org.eclipse.wst.common.emfworkbench.integration",1413514417390
started,bundle,org.eclipse.wst.common.frameworks,1.2.102.v201201190400,"org.eclipse.wst.common.frameworks",1413514417406
started,bundle,org.eclipse.wst.common.frameworks.ui,1.2.100.v201105122000,"org.eclipse.wst.common.frameworks.ui",1413514417406
started,bundle,org.eclipse.wst.common.modulecore,1.2.103.v201201190400,"org.eclipse.wst.common.modulecore",1413514417421
started,bundle,org.eclipse.wst.common.project.facet.core,1.4.201.v201201101553,"org.eclipse.wst.common.project.facet.core",1413514417437
started,bundle,org.eclipse.wst.validation,1.2.303.v201202090300,"org.eclipse.wst.validation",1413514417453
started,bundle,org.eclipse.wst.web,1.1.501.v201201190400,"org.eclipse.wst.web",1413514417468
started,bundle,org.eclipse.wst.xml.core,1.1.602.v201201091944,"org.eclipse.wst.xml.core",1413514417484
os,sysinfo,,,"win32",1413514417484
arch,sysinfo,,,"x86",1413514417484
ws,sysinfo,,,"win32",1413514417484
locale,sysinfo,,,"es_CO",1413514417484
processors,sysinfo,,,"1",1413514417484
java.runtime.name,sysinfo,,,"Java(TM) SE Runtime Environment",1413514417484
java.runtime.version,sysinfo,,,"1.6.0_45-b06",1413514417484
java.specification.name,sysinfo,,,"Java Platform API Specification",1413514417484
java.specification.vendor,sysinfo,,,"Sun Microsystems Inc.",1413514417484
java.specification.version,sysinfo,,,"1.6",1413514417484
java.vendor,sysinfo,,,"Sun Microsystems Inc.",1413514417484
java.version,sysinfo,,,"1.6.0_45",1413514417484
java.vm.info,sysinfo,,,"mixed mode",1413514417484
java.vm.name,sysinfo,,,"Java HotSpot(TM) Client VM",1413514417484
java.vm.specification.name,sysinfo,,,"Java Virtual Machine Specification",1413514417484
java.vm.specification.vendor,sysinfo,,,"Sun Microsystems Inc.",1413514417484
java.vm.specification.version,sysinfo,,,"1.0",1413514417484
java.vm.vendor,sysinfo,,,"Sun Microsystems Inc.",1413514417484
java.vm.version,sysinfo,,,"20.45-b01",1413514417484
started,bundle,org.eclipse.epp.usagedata.ui,1.3.1.R201106061540,"org.eclipse.epp.usagedata.ui",1413514418546
deactivated,workbench,org.eclipse.ui.workbench,3.7.1.v20120104-1859,"",1413514419375
activated,workbench,org.eclipse.ui.workbench,3.7.1.v20120104-1859,"",1413514443531
activated,view,org.eclipse.ui.navigator.resources,3.4.300.v20110928-1505,"org.eclipse.ui.navigator.ProjectExplorer",1413514462640
started,bundle,org.eclipse.jst.ws.jaxws.dom.integration,1.0.101.v201201031437,"org.eclipse.jst.ws.jaxws.dom.integration",1413514462687
started,bundle,org.eclipse.jst.ws.jaxws.dom.ui,1.0.0.v201004171919,"org.eclipse.jst.ws.jaxws.dom.ui",1413514462765
started,bundle,org.eclipse.jst.servlet.ui,1.1.502.v201202011054,"org.eclipse.jst.servlet.ui",1413514463109
started,bundle,org.eclipse.wst.ws.service.policy.ui,1.0.300.v201108240515,"org.eclipse.wst.ws.service.policy.ui",1413514466609
started,bundle,org.eclipse.wst.ws.service.policy,1.0.303.v201009221810,"org.eclipse.wst.ws.service.policy",1413514466671
started,bundle,org.eclipse.wst.command.env,1.0.409.v201004211805,"org.eclipse.wst.command.env",1413514466812
started,bundle,org.eclipse.wst.ws,1.1.203.v201004211805,"org.eclipse.wst.ws",1413514466859
started,bundle,org.eclipse.compare.core,3.5.200.I20110208-0800,"org.eclipse.compare.core",1413514467546
started,bundle,org.eclipse.compare,3.5.202.R37x_v20111109-0800,"org.eclipse.compare",1413514467562
started,bundle,org.eclipse.debug.ui,3.7.102.v20111129-1423_r372,"org.eclipse.debug.ui",1413514478640
started,bundle,org.eclipse.equinox.p2.ui.sdk,1.0.200.v20110815-1419,"org.eclipse.equinox.p2.ui.sdk",1413514508390
started,bundle,org.eclipse.equinox.p2.ui,2.1.1.v20120113-1346,"org.eclipse.equinox.p2.ui",1413514508531
started,bundle,org.eclipse.equinox.p2.transport.ecf,1.0.0.v20111128-0624,"org.eclipse.equinox.p2.transport.ecf",1413514508734
started,bundle,org.eclipse.ecf.filetransfer,5.0.0.v20110531-2218,"org.eclipse.ecf.filetransfer",1413514508906
started,bundle,org.eclipse.ecf.identity,3.1.100.v20110531-2218,"org.eclipse.ecf.identity",1413514509000
started,bundle,org.eclipse.ecf,3.1.300.v20110531-2218,"org.eclipse.ecf",1413514509609
started,bundle,org.eclipse.ecf.provider.filetransfer.httpclient,4.0.0.v20110531-2218,"org.eclipse.ecf.provider.filetransfer.httpclient",1413514509640
started,bundle,org.eclipse.ecf.provider.filetransfer,3.2.0.v20110531-2218,"org.eclipse.ecf.provider.filetransfer",1413514509656
deactivated,workbench,org.eclipse.ui.workbench,3.7.1.v20120104-1859,"",1413514509968
started,bundle,org.eclipse.equinox.p2.garbagecollector,1.0.200.v20110815-1419,"org.eclipse.equinox.p2.garbagecollector",1413514653046
started,bundle,org.eclipse.equinox.frameworkadmin,2.0.0.v20110815-1438,"org.eclipse.equinox.frameworkadmin",1413514655328
started,bundle,org.eclipse.equinox.simpleconfigurator.manipulator,2.0.0.v20110815-1438,"org.eclipse.equinox.simpleconfigurator.manipulator",1413514655390
activated,workbench,org.eclipse.ui.workbench,3.7.1.v20120104-1859,"",1413514664640
executed,command,org.eclipse.equinox.p2.ui.sdk,1.0.200.v20110815-1419,"org.eclipse.equinox.p2.ui.sdk.install",1413514664718
deactivated,workbench,org.eclipse.ui.workbench,3.7.1.v20120104-1859,"",1413514665078
started,bundle,org.eclipse.equinox.frameworkadmin.equinox,1.0.300.v20110815-1438,"org.eclipse.equinox.frameworkadmin.equinox",1413514735593
activated,workbench,org.eclipse.ui.workbench,3.7.1.v20120104-1859,"",1413514747437
deactivated,workbench,org.eclipse.ui.workbench,3.7.1.v20120104-1859,"",1413514747609
activated,workbench,org.eclipse.ui.workbench,3.7.1.v20120104-1859,"",1413514760453
deactivated,workbench,org.eclipse.ui.workbench,3.7.1.v20120104-1859,"",1413514761546
activated,workbench,org.eclipse.ui.workbench,3.7.1.v20120104-1859,"",1413514912312
closed,workbench,org.eclipse.ui.workbench,3.7.1.v20120104-1859,"",1413514914875
stopped,bundle,org.eclipse.jst.ws.axis.creation.ui,1.0.700.v201104070312,"org.eclipse.jst.ws.axis.creation.ui",1413514917890
stopped,bundle,org.eclipse.jst.ws.axis.consumption.ui,1.0.505.v201004211805,"org.eclipse.jst.ws.axis.consumption.ui",1413514917890
stopped,bundle,org.eclipse.jst.ws.axis.consumption.core,1.0.407.v201104071820,"org.eclipse.jst.ws.axis.consumption.core",1413514917890
stopped,bundle,org.eclipse.jst.ws.axis2.creation.ui,1.0.104.v201004211805,"org.eclipse.jst.ws.axis2.creation.ui",1413514917890
stopped,bundle,org.eclipse.jst.ws.axis2.consumption.ui,1.0.103.v201004211805,"org.eclipse.jst.ws.axis2.consumption.ui",1413514917890
activated,perspective,org.eclipse.jst.j2ee.ui,,"org.eclipse.jst.j2ee.J2EEPerspective",1413515061328
started,bundle,org.eclipse.osgi,3.7.2.v20120110-1415,"org.eclipse.osgi",1413515061328
started,bundle,org.eclipse.equinox.simpleconfigurator,1.0.200.v20110815-1438,"org.eclipse.equinox.simpleconfigurator",1413515061328
started,bundle,com.ibm.icu,4.4.2.v20110823,"com.ibm.icu",1413515061328
started,bundle,org.eclipse.core.contenttype,3.4.100.v20110423-0524,"org.eclipse.core.contenttype",1413515061328
started,bundle,org.eclipse.core.databinding.observable,1.4.0.I20110222-0800,"org.eclipse.core.databinding.observable",1413515061359
started,bundle,org.eclipse.core.expressions,3.4.300.v20110228,"org.eclipse.core.expressions",1413515061359
started,bundle,org.eclipse.core.filebuffers,3.5.200.v20110928-1504,"org.eclipse.core.filebuffers",1413515061359
started,bundle,org.eclipse.core.filesystem,1.3.100.v20110423-0524,"org.eclipse.core.filesystem",1413515061359
started,bundle,org.eclipse.core.jobs,3.5.101.v20120113-1953,"org.eclipse.core.jobs",1413515061375
started,bundle,org.eclipse.core.net,1.2.100.I20110511-0800,"org.eclipse.core.net",1413515061375
started,bundle,org.eclipse.core.resources,3.7.101.v20120125-1505,"org.eclipse.core.resources",1413515061375
started,bundle,org.eclipse.core.runtime,3.7.0.v20110110,"org.eclipse.core.runtime",1413515061375
started,bundle,org.eclipse.core.runtime.compatibility,3.2.100.v20100505,"org.eclipse.core.runtime.compatibility",1413515061406
started,bundle,org.eclipse.core.runtime.compatibility.auth,3.2.200.v20110110,"org.eclipse.core.runtime.compatibility.auth",1413515061406
started,bundle,org.eclipse.debug.core,3.7.1.v20111129-2031,"org.eclipse.debug.core",1413515061406
started,bundle,org.eclipse.emf.common,2.7.0.v20120127-1122,"org.eclipse.emf.common",1413515061406
started,bundle,org.eclipse.emf.common.ui,2.7.0.v20120130-0943,"org.eclipse.emf.common.ui",1413515061406
started,bundle,org.eclipse.emf.ecore,2.7.0.v20120127-1122,"org.eclipse.emf.ecore",1413515061406
started,bundle,org.eclipse.emf.ecore.xmi,2.7.0.v20120127-1122,"org.eclipse.emf.ecore.xmi",1413515061406
started,bundle,org.eclipse.emf.edit,2.7.2.v20120130-0943,"org.eclipse.emf.edit",1413515061406
started,bundle,org.eclipse.emf.edit.ui,2.7.0.v20120130-0943,"org.eclipse.emf.edit.ui",1413515061406
started,bundle,org.eclipse.epp.mpc.ui,1.1.1.I20110907-0947,"org.eclipse.epp.mpc.ui",1413515061406
started,bundle,org.eclipse.epp.usagedata.gathering,1.3.1.R201106061540,"org.eclipse.epp.usagedata.gathering",1413515061406
started,bundle,org.eclipse.epp.usagedata.recording,1.3.1.R201106061540,"org.eclipse.epp.usagedata.recording",1413515061406
started,bundle,org.eclipse.equinox.app,1.3.100.v20110321,"org.eclipse.equinox.app",1413515061406
started,bundle,org.eclipse.equinox.common,3.6.0.v20110523,"org.eclipse.equinox.common",1413515061406
started,bundle,org.eclipse.equinox.ds,1.3.1.R37x_v20110701,"org.eclipse.equinox.ds",1413515061406
started,bundle,org.eclipse.equinox.event,1.2.100.v20110502,"org.eclipse.equinox.event",1413515061406
started,bundle,org.eclipse.equinox.p2.artifact.repository,1.1.101.v20110815-1419,"org.eclipse.equinox.p2.artifact.repository",1413515061406
started,bundle,org.eclipse.equinox.p2.core,2.1.1.v20120113-1346,"org.eclipse.equinox.p2.core",1413515061406
started,bundle,org.eclipse.equinox.p2.director,2.1.1.v20111126-0211,"org.eclipse.equinox.p2.director",1413515061421
started,bundle,org.eclipse.equinox.p2.directorywatcher,1.0.300.v20110815-1419,"org.eclipse.equinox.p2.directorywatcher",1413515061437
started,bundle,org.eclipse.equinox.p2.engine,2.1.1.R37x_v20111003,"org.eclipse.equinox.p2.engine",1413515061437
started,bundle,org.eclipse.equinox.p2.extensionlocation,1.2.100.v20110815-1419,"org.eclipse.equinox.p2.extensionlocation",1413515061437
started,bundle,org.eclipse.equinox.p2.metadata,2.1.0.v20110815-1419,"org.eclipse.equinox.p2.metadata",1413515061437
started,bundle,org.eclipse.equinox.p2.metadata.repository,1.2.0.v20110815-1419,"org.eclipse.equinox.p2.metadata.repository",1413515061437
started,bundle,org.eclipse.equinox.p2.operations,2.1.1.R37x_v20111111,"org.eclipse.equinox.p2.operations",1413515061453
started,bundle,org.eclipse.equinox.p2.publisher,1.2.0.v20110815-1419,"org.eclipse.equinox.p2.publisher",1413515061468
started,bundle,org.eclipse.equinox.p2.reconciler.dropins,1.1.100.v20110815-1419,"org.eclipse.equinox.p2.reconciler.dropins",1413515061468
started,bundle,org.eclipse.equinox.p2.repository,2.1.1.v20120113-1346,"org.eclipse.equinox.p2.repository",1413515061484
started,bundle,org.eclipse.equinox.p2.touchpoint.eclipse,2.1.1.v20110815-1419,"org.eclipse.equinox.p2.touchpoint.eclipse",1413515061484
started,bundle,org.eclipse.equinox.p2.ui.sdk.scheduler,1.0.100.v20110815-1419,"org.eclipse.equinox.p2.ui.sdk.scheduler",1413515061484
started,bundle,org.eclipse.equinox.p2.updatechecker,1.1.200.v20110815-1419,"org.eclipse.equinox.p2.updatechecker",1413515061515
started,bundle,org.eclipse.equinox.preferences,3.4.2.v20120111-2020,"org.eclipse.equinox.preferences",1413515061515
started,bundle,org.eclipse.equinox.registry,3.5.101.R37x_v20110810-1611,"org.eclipse.equinox.registry",1413515061515
started,bundle,org.eclipse.equinox.security,1.1.1.R37x_v20110822-1018,"org.eclipse.equinox.security",1413515061515
started,bundle,org.eclipse.equinox.util,1.0.300.v20110502,"org.eclipse.equinox.util",1413515061546
started,bundle,org.eclipse.help,3.5.100.v20110426,"org.eclipse.help",1413515061546
started,bundle,org.eclipse.jdt.core,3.7.3.v20120119-1537,"org.eclipse.jdt.core",1413515061546
started,bundle,org.eclipse.jdt.core.manipulation,1.4.0.v20110928-1453,"org.eclipse.jdt.core.manipulation",1413515061546
started,bundle,org.eclipse.jdt.launching,3.6.1.v20111006_r372,"org.eclipse.jdt.launching",1413515061546
started,bundle,org.eclipse.jdt.ui,3.7.2.v20120109-1427,"org.eclipse.jdt.ui",1413515061546
started,bundle,org.eclipse.jem,2.0.501.v201111030500,"org.eclipse.jem",1413515061546
started,bundle,org.eclipse.jem.util,2.1.100.v201103021400,"org.eclipse.jem.util",1413515061546
started,bundle,org.eclipse.jface,3.7.0.v20110928-1505,"org.eclipse.jface",1413515061546
started,bundle,org.eclipse.jsch.core,1.1.300.I20110514-0800,"org.eclipse.jsch.core",1413515061546
started,bundle,org.eclipse.jst.common.project.facet.core,1.4.200.v201103170302,"org.eclipse.jst.common.project.facet.core",1413515061546
started,bundle,org.eclipse.jst.j2ee,1.1.503.v201202090300,"org.eclipse.jst.j2ee",1413515061546
started,bundle,org.eclipse.jst.j2ee.core,1.2.102.v201202090300,"org.eclipse.jst.j2ee.core",1413515061546
started,bundle,org.eclipse.jst.j2ee.navigator.ui,1.1.501.v201107261503,"org.eclipse.jst.j2ee.navigator.ui",1413515061546
started,bundle,org.eclipse.jst.j2ee.ui,1.1.503.v201201190400,"org.eclipse.jst.j2ee.ui",1413515061546
started,bundle,org.eclipse.jst.j2ee.webservice,1.1.400.v201004110600,"org.eclipse.jst.j2ee.webservice",1413515061546
started,bundle,org.eclipse.jst.j2ee.webservice.ui,1.1.500.v201105122000,"org.eclipse.jst.j2ee.webservice.ui",1413515061546
started,bundle,org.eclipse.jst.jee.ui,1.0.401.v201202011107,"org.eclipse.jst.jee.ui",1413515061546
started,bundle,org.eclipse.jst.ws.jaxrs.core,1.0.301.v201108240656,"org.eclipse.jst.ws.jaxrs.core",1413515061546
started,bundle,org.eclipse.jst.ws.jaxws.utils,1.0.100.v201201031437,"org.eclipse.jst.ws.jaxws.utils",1413515061546
started,bundle,org.eclipse.team.core,3.6.0.I20110525-0800,"org.eclipse.team.core",1413515061546
started,bundle,org.eclipse.team.ui,3.6.101.R37x_v20111109-0800,"org.eclipse.team.ui",1413515061546
started,bundle,org.eclipse.ui,3.7.0.v20110928-1505,"org.eclipse.ui",1413515061546
started,bundle,org.eclipse.ui.console,3.5.100.v20111007_r372,"org.eclipse.ui.console",1413515061546
started,bundle,org.eclipse.ui.editors,3.7.0.v20110928-1504,"org.eclipse.ui.editors",1413515061546
started,bundle,org.eclipse.ui.forms,3.5.101.v20111011-1919,"org.eclipse.ui.forms",1413515061593
started,bundle,org.eclipse.ui.ide,3.7.0.v20110928-1505,"org.eclipse.ui.ide",1413515061593
started,bundle,org.eclipse.ui.intro,3.4.100.v20110425,"org.eclipse.ui.intro",1413515061593
started,bundle,org.eclipse.ui.intro.universal,3.2.500.v20110510,"org.eclipse.ui.intro.universal",1413515061593
started,bundle,org.eclipse.ui.navigator,3.5.101.v20120106-1355,"org.eclipse.ui.navigator",1413515061593
started,bundle,org.eclipse.ui.navigator.resources,3.4.300.v20110928-1505,"org.eclipse.ui.navigator.resources",1413515061593
started,bundle,org.eclipse.ui.net,1.2.100.v20111208-1155,"org.eclipse.ui.net",1413515061593
started,bundle,org.eclipse.ui.views,3.6.0.v20110928-1505,"org.eclipse.ui.views",1413515061593
started,bundle,org.eclipse.ui.workbench,3.7.1.v20120104-1859,"org.eclipse.ui.workbench",1413515061593
started,bundle,org.eclipse.ui.workbench.texteditor,3.7.0.v20110928-1504,"org.eclipse.ui.workbench.texteditor",1413515061593
started,bundle,org.eclipse.update.configurator,3.3.100.v20100512,"org.eclipse.update.configurator",1413515061593
started,bundle,org.eclipse.update.core,3.2.500.v20110330,"org.eclipse.update.core",1413515061593
started,bundle,org.eclipse.update.scheduler,3.2.300.v20100512,"org.eclipse.update.scheduler",1413515061593
started,bundle,org.eclipse.wst.common.core,1.2.0.v200908252030,"org.eclipse.wst.common.core",1413515061593
started,bundle,org.eclipse.wst.common.emf,1.2.100.v201101101900,"org.eclipse.wst.common.emf",1413515061593
started,bundle,org.eclipse.wst.common.emfworkbench.integration,1.2.101.v201107140600,"org.eclipse.wst.common.emfworkbench.integration",1413515061593
started,bundle,org.eclipse.wst.common.frameworks,1.2.102.v201201190400,"org.eclipse.wst.common.frameworks",1413515061593
started,bundle,org.eclipse.wst.common.frameworks.ui,1.2.100.v201105122000,"org.eclipse.wst.common.frameworks.ui",1413515061593
started,bundle,org.eclipse.wst.common.modulecore,1.2.103.v201201190400,"org.eclipse.wst.common.modulecore",1413515061593
started,bundle,org.eclipse.wst.common.project.facet.core,1.4.201.v201201101553,"org.eclipse.wst.common.project.facet.core",1413515061593
started,bundle,org.eclipse.wst.validation,1.2.303.v201202090300,"org.eclipse.wst.validation",1413515061593
started,bundle,org.eclipse.wst.web,1.1.501.v201201190400,"org.eclipse.wst.web",1413515061593
started,bundle,org.eclipse.wst.xml.core,1.1.602.v201201091944,"org.eclipse.wst.xml.core",1413515061593
started,bundle,org.eclipse.egit.core,1.3.0.201202151440-r,"org.eclipse.egit.core",1413515061593
started,bundle,org.eclipse.egit.ui,1.3.0.201202151440-r,"org.eclipse.egit.ui",1413515061593
started,bundle,org.eclipse.jgit,1.3.0.201202151440-r,"org.eclipse.jgit",1413515061593
started,bundle,org.eclipse.mylyn.bugzilla.core,3.8.4.v20130429-0100,"org.eclipse.mylyn.bugzilla.core",1413515061593
started,bundle,org.eclipse.mylyn.bugzilla.ui,3.8.4.v20130429-0100,"org.eclipse.mylyn.bugzilla.ui",1413515061593
started,bundle,org.eclipse.mylyn.commons.core,3.8.4.v20130429-0100,"org.eclipse.mylyn.commons.core",1413515061593
started,bundle,org.eclipse.mylyn.commons.net,3.8.4.v20130429-0100,"org.eclipse.mylyn.commons.net",1413515061593
started,bundle,org.eclipse.mylyn.commons.notifications.core,1.0.4.v20130429-0100,"org.eclipse.mylyn.commons.notifications.core",1413515061593
started,bundle,org.eclipse.mylyn.commons.notifications.feed,1.0.4.v20130429-0100,"org.eclipse.mylyn.commons.notifications.feed",1413515061593
started,bundle,org.eclipse.mylyn.commons.ui,3.8.4.v20130429-0100,"org.eclipse.mylyn.commons.ui",1413515061593
started,bundle,org.eclipse.mylyn.commons.workbench,3.8.4.v20130429-0100,"org.eclipse.mylyn.commons.workbench",1413515061593
started,bundle,org.eclipse.mylyn.context.core,3.8.4.v20130429-0100,"org.eclipse.mylyn.context.core",1413515061593
started,bundle,org.eclipse.mylyn.context.tasks.ui,3.8.4.v20130429-0100,"org.eclipse.mylyn.context.tasks.ui",1413515061593
started,bundle,org.eclipse.mylyn.github.ui,1.3.0.201202151440-r,"org.eclipse.mylyn.github.ui",1413515061593
started,bundle,org.eclipse.mylyn.monitor.ui,3.8.4.v20130429-0100,"org.eclipse.mylyn.monitor.ui",1413515061593
started,bundle,org.eclipse.mylyn.tasks.ui,3.8.4.v20130429-0100,"org.eclipse.mylyn.tasks.ui",1413515061593
started,bundle,org.eclipse.mylyn.team.ui,3.8.4.v20130429-0100,"org.eclipse.mylyn.team.ui",1413515061609
os,sysinfo,,,"win32",1413515061609
arch,sysinfo,,,"x86",1413515061609
ws,sysinfo,,,"win32",1413515061609
locale,sysinfo,,,"es_CO",1413515061609
processors,sysinfo,,,"1",1413515061609
java.runtime.name,sysinfo,,,"Java(TM) SE Runtime Environment",1413515061609
java.runtime.version,sysinfo,,,"1.6.0_45-b06",1413515061609
java.specification.name,sysinfo,,,"Java Platform API Specification",1413515061609
java.specification.vendor,sysinfo,,,"Sun Microsystems Inc.",1413515061609
java.specification.version,sysinfo,,,"1.6",1413515061609
java.vendor,sysinfo,,,"Sun Microsystems Inc.",1413515061609
java.version,sysinfo,,,"1.6.0_45",1413515061609
java.vm.info,sysinfo,,,"mixed mode",1413515061609
java.vm.name,sysinfo,,,"Java HotSpot(TM) Client VM",1413515061609
java.vm.specification.name,sysinfo,,,"Java Virtual Machine Specification",1413515061609
java.vm.specification.vendor,sysinfo,,,"Sun Microsystems Inc.",1413515061609
java.vm.specification.version,sysinfo,,,"1.0",1413515061609
java.vm.vendor,sysinfo,,,"Sun Microsystems Inc.",1413515061609
java.vm.version,sysinfo,,,"20.45-b01",1413515061609
started,bundle,org.eclipse.team.cvs.core,3.3.400.I20110510-0800,"org.eclipse.team.cvs.core",1413515062906
started,bundle,org.eclipse.team.cvs.ui,3.3.401.v20120126-1227,"org.eclipse.team.cvs.ui",1413515063390
deactivated,workbench,org.eclipse.ui.workbench,3.7.1.v20120104-1859,"",1413515096984
started,bundle,org.eclipse.mylyn.context.ui,3.8.4.v20130429-0100,"org.eclipse.mylyn.context.ui",1413515112812
started,bundle,org.eclipse.mylyn.resources.ui,3.8.4.v20130429-0100,"org.eclipse.mylyn.resources.ui",1413515117328
started,bundle,org.eclipse.mylyn.commons.notifications.ui,1.0.4.v20130429-0100,"org.eclipse.mylyn.commons.notifications.ui",1413515118671
activated,workbench,org.eclipse.ui.workbench,3.7.1.v20120104-1859,"",1413515123937
executed,command,org.eclipse.ui,3.7.0.v20110928-1505,"org.eclipse.ui.window.preferences",1413515123968
deactivated,workbench,org.eclipse.ui.workbench,3.7.1.v20120104-1859,"",1413515129906
activated,workbench,org.eclipse.ui.workbench,3.7.1.v20120104-1859,"",1413515143937
started,bundle,org.eclipse.compare.core,3.5.200.I20110208-0800,"org.eclipse.compare.core",1413515144421
started,bundle,org.eclipse.compare,3.5.202.R37x_v20111109-0800,"org.eclipse.compare",1413515144453
opened,view,org.eclipse.egit.ui,1.3.0.201202151440-r,"org.eclipse.egit.ui.RepositoriesView",1413515144687
opened,view,org.eclipse.ui.views,3.6.0.v20110928-1505,"org.eclipse.ui.views.PropertySheet",1413515144890
activated,perspective,org.eclipse.egit.ui,1.3.0.201202151440-r,"org.eclipse.egit.ui.GitRepositoryExploring",1413515145109
activated,view,org.eclipse.ui.views,3.6.0.v20110928-1505,"org.eclipse.ui.views.PropertySheet",1413515145125
executed,command,org.eclipse.ui,3.7.0.v20110928-1505,"org.eclipse.ui.perspectives.showPerspective",1413515145218
executed,command,org.eclipse.ui,3.7.0.v20110928-1505,"org.eclipse.ui.perspectives.showPerspective",1413515145218
deactivated,workbench,org.eclipse.ui.workbench,3.7.1.v20120104-1859,"",1413515145312
activated,workbench,org.eclipse.ui.workbench,3.7.1.v20120104-1859,"",1413515172328
activated,view,org.eclipse.egit.ui,1.3.0.201202151440-r,"org.eclipse.egit.ui.RepositoriesView",1413515200062
error,log,,,"WARNING: Prevented recursive attempt to activate part org.eclipse.ui.views.PropertySheet while still in the middle of activating part org.eclipse.egit.ui.RepositoriesView",1413515200156
deactivated,workbench,org.eclipse.ui.workbench,3.7.1.v20120104-1859,"",1413515209953
activated,workbench,org.eclipse.ui.workbench,3.7.1.v20120104-1859,"",1413515235250
executed,command,org.eclipse.egit.ui,1.3.0.201202151440-r,"org.eclipse.egit.ui.RepositoriesViewAddRepository",1413515235265
deactivated,workbench,org.eclipse.ui.workbench,3.7.1.v20120104-1859,"",1413515238968
activated,workbench,org.eclipse.ui.workbench,3.7.1.v20120104-1859,"",1413515250375
executed,command,org.eclipse.egit.ui,1.3.0.201202151440-r,"org.eclipse.egit.ui.RepositoriesViewCreateRepository",1413515250390
deactivated,workbench,org.eclipse.ui.workbench,3.7.1.v20120104-1859,"",1413515254078
executed,command,org.eclipse.ui,3.7.0.v20110928-1505,"org.eclipse.ui.edit.paste",1413515280250
executed,command,org.eclipse.ui,3.7.0.v20110928-1505,"org.eclipse.ui.edit.cut",1413515484109
activated,workbench,org.eclipse.ui.workbench,3.7.1.v20120104-1859,"",1413515520656
executed,command,org.eclipse.egit.ui,1.3.0.201202151440-r,"org.eclipse.egit.ui.RepositoriesViewClone",1413515520703
deactivated,workbench,org.eclipse.ui.workbench,3.7.1.v20120104-1859,"",1413515521000
error,log,,,"Widget is disposed",1413515522562
activated,workbench,org.eclipse.ui.workbench,3.7.1.v20120104-1859,"",1413515522578
deactivated,workbench,org.eclipse.ui.workbench,3.7.1.v20120104-1859,"",1413515543078
activated,workbench,org.eclipse.ui.workbench,3.7.1.v20120104-1859,"",1413515564140
executed,command,org.eclipse.egit.ui,1.3.0.201202151440-r,"org.eclipse.egit.ui.RepositoriesViewImportProjects",1413515564171
opened,view,org.eclipse.team.ui,3.6.101.R37x_v20111109-0800,"org.eclipse.team.sync.views.SynchronizeView",1413515588593
activated,view,org.eclipse.team.ui,3.6.101.R37x_v20111109-0800,"org.eclipse.team.sync.views.SynchronizeView",1413515588640
activated,view,org.eclipse.ui.views,3.6.0.v20110928-1505,"org.eclipse.ui.views.PropertySheet",1413515590640
activated,perspective,org.eclipse.jst.j2ee.ui,1.1.503.v201201190400,"org.eclipse.jst.j2ee.J2EEPerspective",1413515594406
activated,view,org.eclipse.ui.console,3.5.100.v20111007_r372,"org.eclipse.ui.console.ConsoleView",1413515594421
activated,view,org.eclipse.ui.navigator.resources,3.4.300.v20110928-1505,"org.eclipse.ui.navigator.ProjectExplorer",1413515597421
started,bundle,org.eclipse.ui.views.properties.tabbed,3.5.200.v20110928-1505,"org.eclipse.ui.views.properties.tabbed",1413515597484
started,bundle,org.eclipse.wst.ws.service.policy.ui,1.0.300.v201108240515,"org.eclipse.wst.ws.service.policy.ui",1413515597843
started,bundle,org.eclipse.wst.ws.service.policy,1.0.303.v201009221810,"org.eclipse.wst.ws.service.policy",1413515597859
started,bundle,org.eclipse.wst.command.env,1.0.409.v201004211805,"org.eclipse.wst.command.env",1413515597953
started,bundle,org.eclipse.wst.ws,1.1.203.v201004211805,"org.eclipse.wst.ws",1413515597968
deactivated,workbench,org.eclipse.ui.workbench,3.7.1.v20120104-1859,"",1413515616156
started,bundle,org.eclipse.jst.servlet.ui,1.1.502.v201202011054,"org.eclipse.jst.servlet.ui",1413515616375
started,bundle,org.eclipse.jst.common.frameworks,1.1.501.v201201190400,"org.eclipse.jst.common.frameworks",1413515616453
activated,workbench,org.eclipse.ui.workbench,3.7.1.v20120104-1859,"",1413515616750
deactivated,workbench,org.eclipse.ui.workbench,3.7.1.v20120104-1859,"",1413515622296
activated,workbench,org.eclipse.ui.workbench,3.7.1.v20120104-1859,"",1413515728468
activated,view,org.eclipse.ui.console,3.5.100.v20111007_r372,"org.eclipse.ui.console.ConsoleView",1413515728500
activated,perspective,org.eclipse.egit.ui,1.3.0.201202151440-r,"org.eclipse.egit.ui.GitRepositoryExploring",1413515732203
activated,view,org.eclipse.ui.views,3.6.0.v20110928-1505,"org.eclipse.ui.views.PropertySheet",1413515732218
activated,view,org.eclipse.egit.ui,1.3.0.201202151440-r,"org.eclipse.egit.ui.RepositoriesView",1413515737218
executed,command,org.eclipse.egit.ui,1.3.0.201202151440-r,"org.eclipse.egit.ui.RepositoriesViewRefresh",1413515745203
executed,command,org.eclipse.egit.ui,1.3.0.201202151440-r,"org.eclipse.egit.ui.RepositoriesViewRefresh",1413515746734
activated,view,org.eclipse.team.ui,3.6.101.R37x_v20111109-0800,"org.eclipse.team.sync.views.SynchronizeView",1413515753250
activated,view,org.eclipse.ui.views,3.6.0.v20110928-1505,"org.eclipse.ui.views.PropertySheet",1413515756078
deactivated,workbench,org.eclipse.ui.workbench,3.7.1.v20120104-1859,"",1413515773265
activated,workbench,org.eclipse.ui.workbench,3.7.1.v20120104-1859,"",1413515783468
activated,view,org.eclipse.egit.ui,1.3.0.201202151440-r,"org.eclipse.egit.ui.RepositoriesView",1413515783609
executed,command,org.eclipse.egit.ui,1.3.0.201202151440-r,"org.eclipse.egit.ui.RepositoriesViewRefresh",1413515788531
deactivated,workbench,org.eclipse.ui.workbench,3.7.1.v20120104-1859,"",1413515822171
